fid,prow,pcol,grow,prow_pcol_grow,exp,plot.x,sub_plot,exp_plot_subplot,exp_plot,experiment,plot.y,oatName,peaName,pea_type,oat_percent,pea_percent
1,1,1,1,1_1_1,guard,OG_1,3,guard_OG_1_3,guardOG_1,guard,OG_1,Steuben,na,na,100,na
2,1,1,2,1_1_2,guard,OG_1,2,guard_OG_1_2,guardOG_1,guard,OG_1,Steuben,na,na,100,na
3,1,1,3,1_1_3,guard,OG_1,1,guard_OG_1_1,guardOG_1,guard,OG_1,Steuben,na,na,100,na
4,1,2,1,1_2_1,diversity,100,3,diversity_100_3,diversity100,diversity,100,ND170307,ND Victory,field,75,75
5,1,2,2,1_2_2,diversity,100,2,diversity_100_2,diversity100,diversity,100,ND170307,ND Victory,field,75,75
6,1,2,3,1_2_3,diversity,100,1,diversity_100_1,diversity100,diversity,100,ND170307,ND Victory,field,75,75
7,1,3,1,1_3_1,diversity,99,3,diversity_99_3,diversity99,diversity,99,DEON,AUSTRIAN FIELD PEAS,forage,75,75
8,1,3,2,1_3_2,diversity,99,2,diversity_99_2,diversity99,diversity,99,DEON,AUSTRIAN FIELD PEAS,forage,75,75
9,1,3,3,1_3_3,diversity,99,1,diversity_99_1,diversity99,diversity,99,DEON,AUSTRIAN FIELD PEAS,forage,75,75
10,1,4,1,1_4_1,diversity,98,3,diversity_98_3,diversity98,diversity,98,WI_X10642-3,delta field pea,field,75,75
11,1,4,2,1_4_2,diversity,98,2,diversity_98_2,diversity98,diversity,98,WI_X10642-3,delta field pea,field,75,75
12,1,4,3,1_4_3,diversity,98,1,diversity_98_1,diversity98,diversity,98,WI_X10642-3,delta field pea,field,75,75
13,1,5,1,1_5_1,diversity,97,3,diversity_97_3,diversity97,diversity,97,LEGGETT,delta field pea,field,75,75
14,1,5,2,1_5_2,diversity,97,2,diversity_97_2,diversity97,diversity,97,LEGGETT,delta field pea,field,75,75
15,1,5,3,1_5_3,diversity,97,1,diversity_97_1,diversity97,diversity,97,LEGGETT,delta field pea,field,75,75
16,1,6,1,1_6_1,diversity,96,3,diversity_96_3,diversity96,diversity,96,REINS,NDP140510Y,field,75,75
17,1,6,2,1_6_2,diversity,96,2,diversity_96_2,diversity96,diversity,96,REINS,NDP140510Y,field,75,75
18,1,6,3,1_6_3,diversity,96,1,diversity_96_1,diversity96,diversity,96,REINS,NDP140510Y,field,75,75
19,1,7,1,1_7_1,diversity,95,3,diversity_95_3,diversity95,diversity,95,SD191467,Frostmaster Peas,forage,75,75
20,1,7,2,1_7_2,diversity,95,2,diversity_95_2,diversity95,diversity,95,SD191467,Frostmaster Peas,forage,75,75
21,1,7,3,1_7_3,diversity,95,1,diversity_95_1,diversity95,diversity,95,SD191467,Frostmaster Peas,forage,75,75
22,1,8,1,1_8_1,diversity,94,3,diversity_94_3,diversity94,diversity,94,SPURS,delta field pea,field,75,75
23,1,8,2,1_8_2,diversity,94,2,diversity_94_2,diversity94,diversity,94,SPURS,delta field pea,field,75,75
24,1,8,3,1_8_3,diversity,94,1,diversity_94_1,diversity94,diversity,94,SPURS,delta field pea,field,75,75
25,1,9,1,1_9_1,diversity,93,3,diversity_93_3,diversity93,diversity,93,SD190850,NDP150412G,field,75,75
26,1,9,2,1_9_2,diversity,93,2,diversity_93_2,diversity93,diversity,93,SD190850,NDP150412G,field,75,75
27,1,9,3,1_9_3,diversity,93,1,diversity_93_1,diversity93,diversity,93,SD190850,NDP150412G,field,75,75
28,1,10,1,1_10_1,diversity,92,3,diversity_92_3,diversity92,diversity,92,GOLIATH,Icicle Winter Peas,forage,75,75
29,1,10,2,1_10_2,diversity,92,2,diversity_92_2,diversity92,diversity,92,GOLIATH,Icicle Winter Peas,forage,75,75
30,1,10,3,1_10_3,diversity,92,1,diversity_92_1,diversity92,diversity,92,GOLIATH,Icicle Winter Peas,forage,75,75
31,1,11,1,1_11_1,diversity,91,3,diversity_91_3,diversity91,diversity,91,OGLE,ND Dawn,field,75,75
32,1,11,2,1_11_2,diversity,91,2,diversity_91_2,diversity91,diversity,91,OGLE,ND Dawn,field,75,75
33,1,11,3,1_11_3,diversity,91,1,diversity_91_1,diversity91,diversity,91,OGLE,ND Dawn,field,75,75
34,1,12,1,1_12_1,diversity,90,3,diversity_90_3,diversity90,diversity,90,SD190992,NDP150231Y,field,75,75
35,1,12,2,1_12_2,diversity,90,2,diversity_90_2,diversity90,diversity,90,SD190992,NDP150231Y,field,75,75
36,1,12,3,1_12_3,diversity,90,1,diversity_90_1,diversity90,diversity,90,SD190992,NDP150231Y,field,75,75
37,1,13,1,1_13_1,diversity,89,3,diversity_89_3,diversity89,diversity,89,MN18015X_004,Maxum,forage,75,75
38,1,13,2,1_13_2,diversity,89,2,diversity_89_2,diversity89,diversity,89,MN18015X_004,Maxum,forage,75,75
39,1,13,3,1_13_3,diversity,89,1,diversity_89_1,diversity89,diversity,89,MN18015X_004,Maxum,forage,75,75
40,1,14,1,1_14_1,diversity,88,3,diversity_88_3,diversity88,diversity,88,BAKER,Frostmaster Peas,forage,75,75
41,1,14,2,1_14_2,diversity,88,2,diversity_88_2,diversity88,diversity,88,BAKER,Frostmaster Peas,forage,75,75
42,1,14,3,1_14_3,diversity,88,1,diversity_88_1,diversity88,diversity,88,BAKER,Frostmaster Peas,forage,75,75
43,1,15,1,1_15_1,diversity,87,3,diversity_87_3,diversity87,diversity,87,IL17-7334,Icicle Winter Peas,forage,75,75
44,1,15,2,1_15_2,diversity,87,2,diversity_87_2,diversity87,diversity,87,IL17-7334,Icicle Winter Peas,forage,75,75
45,1,15,3,1_15_3,diversity,87,1,diversity_87_1,diversity87,diversity,87,IL17-7334,Icicle Winter Peas,forage,75,75
46,1,16,1,1_16_1,diversity,86,3,diversity_86_3,diversity86,diversity,86,SD181237,DS Admiral,field,75,75
47,1,16,2,1_16_2,diversity,86,2,diversity_86_2,diversity86,diversity,86,SD181237,DS Admiral,field,75,75
48,1,16,3,1_16_3,diversity,86,1,diversity_86_1,diversity86,diversity,86,SD181237,DS Admiral,field,75,75
49,1,17,1,1_17_1,diversity,85,3,diversity_85_3,diversity85,diversity,85,IL17-1704,Organic 4010,forage,75,75
50,1,17,2,1_17_2,diversity,85,2,diversity_85_2,diversity85,diversity,85,IL17-1704,Organic 4010,forage,75,75
51,1,17,3,1_17_3,diversity,85,1,diversity_85_1,diversity85,diversity,85,IL17-1704,Organic 4010,forage,75,75
52,1,18,1,1_18_1,diversity,84,3,diversity_84_3,diversity84,diversity,84,BUCKSKIN,ND Dawn,field,75,75
53,1,18,2,1_18_2,diversity,84,2,diversity_84_2,diversity84,diversity,84,BUCKSKIN,ND Dawn,field,75,75
54,1,18,3,1_18_3,diversity,84,1,diversity_84_1,diversity84,diversity,84,BUCKSKIN,ND Dawn,field,75,75
55,1,19,1,1_19_1,diversity,83,3,diversity_83_3,diversity83,diversity,83,ND170376,ND Dawn,field,75,75
56,1,19,2,1_19_2,diversity,83,2,diversity_83_2,diversity83,diversity,83,ND170376,ND Dawn,field,75,75
57,1,19,3,1_19_3,diversity,83,1,diversity_83_1,diversity83,diversity,83,ND170376,ND Dawn,field,75,75
58,1,20,1,1_20_1,diversity,82,3,diversity_82_3,diversity82,diversity,82,MN18038X_008,Organic 4010,forage,75,75
59,1,20,2,1_20_2,diversity,82,2,diversity_82_2,diversity82,diversity,82,MN18038X_008,Organic 4010,forage,75,75
60,1,20,3,1_20_3,diversity,82,1,diversity_82_1,diversity82,diversity,82,MN18038X_008,Organic 4010,forage,75,75
61,1,21,1,1_21_1,diversity,81,3,diversity_81_3,diversity81,diversity,81,NEWBURG,NDP140510Y,field,75,75
62,1,21,2,1_21_2,diversity,81,2,diversity_81_2,diversity81,diversity,81,NEWBURG,NDP140510Y,field,75,75
63,1,21,3,1_21_3,diversity,81,1,diversity_81_1,diversity81,diversity,81,NEWBURG,NDP140510Y,field,75,75
64,1,22,1,1_22_1,guard,OG_2,3,guard_OG_2_3,guardOG_2,guard,OG_2,Steuben,na,na,100,na
65,1,22,2,1_22_2,guard,OG_2,2,guard_OG_2_2,guardOG_2,guard,OG_2,Steuben,na,na,100,na
66,1,22,3,1_22_3,guard,OG_2,1,guard_OG_2_1,guardOG_2,guard,OG_2,Steuben,na,na,100,na
67,1,23,1,1_23_1,density,100,3,density_100_3,density100,density,100,OT7100,delta field pea,grain,100,50
68,1,23,2,1_23_2,density,100,2,density_100_2,density100,density,100,OT7100,delta field pea,grain,100,50
69,1,23,3,1_23_3,density,100,1,density_100_1,density100,density,100,OT7100,delta field pea,grain,100,50
70,1,24,1,1_24_1,density,99,3,density_99_3,density99,density,99,IL17-1253,AUSTRIAN FIELD PEAS,forage,50,50
71,1,24,2,1_24_2,density,99,2,density_99_2,density99,density,99,IL17-1253,AUSTRIAN FIELD PEAS,forage,50,50
72,1,24,3,1_24_3,density,99,1,density_99_1,density99,density,99,IL17-1253,AUSTRIAN FIELD PEAS,forage,50,50
73,1,25,1,1_25_1,density,98,3,density_98_3,density98,density,98,OT7100,DS Admiral,grain,50,100
74,1,25,2,1_25_2,density,98,2,density_98_2,density98,density,98,OT7100,DS Admiral,grain,50,100
75,1,25,3,1_25_3,density,98,1,density_98_1,density98,density,98,OT7100,DS Admiral,grain,50,100
76,1,26,1,1_26_1,density,97,3,density_97_3,density97,density,97,OT7100,AUSTRIAN FIELD PEAS,forage,100,100
77,1,26,2,1_26_2,density,97,2,density_97_2,density97,density,97,OT7100,AUSTRIAN FIELD PEAS,forage,100,100
78,1,26,3,1_26_3,density,97,1,density_97_1,density97,density,97,OT7100,AUSTRIAN FIELD PEAS,forage,100,100
79,1,27,1,1_27_1,density,96,3,density_96_3,density96,density,96,IL17-1253,DS Admiral,grain,0,100
80,1,27,2,1_27_2,density,96,2,density_96_2,density96,density,96,IL17-1253,DS Admiral,grain,0,100
81,1,27,3,1_27_3,density,96,1,density_96_1,density96,density,96,IL17-1253,DS Admiral,grain,0,100
82,1,28,1,1_28_1,density,95,3,density_95_3,density95,density,95,ND180256,AUSTRIAN FIELD PEAS,forage,50,100
83,1,28,2,1_28_2,density,95,2,density_95_2,density95,density,95,ND180256,AUSTRIAN FIELD PEAS,forage,50,100
84,1,28,3,1_28_3,density,95,1,density_95_1,density95,density,95,ND180256,AUSTRIAN FIELD PEAS,forage,50,100
85,1,29,1,1_29_1,density,94,3,density_94_3,density94,density,94,ND180256,DS Admiral,grain,50,100
86,1,29,2,1_29_2,density,94,2,density_94_2,density94,density,94,ND180256,DS Admiral,grain,50,100
87,1,29,3,1_29_3,density,94,1,density_94_1,density94,density,94,ND180256,DS Admiral,grain,50,100
88,1,30,1,1_30_1,density,93,3,density_93_3,density93,density,93,IL17-1253,AUSTRIAN FIELD PEAS,forage,50,50
89,1,30,2,1_30_2,density,93,2,density_93_2,density93,density,93,IL17-1253,AUSTRIAN FIELD PEAS,forage,50,50
90,1,30,3,1_30_3,density,93,1,density_93_1,density93,density,93,IL17-1253,AUSTRIAN FIELD PEAS,forage,50,50
91,1,31,1,1_31_1,density,92,3,density_92_3,density92,density,92,MN18038X_008,Organic 4010,forage,NA,NA
92,1,31,2,1_31_2,density,92,2,density_92_2,density92,density,92,MN18038X_008,Organic 4010,forage,NA,NA
93,1,31,3,1_31_3,density,92,1,density_92_1,density92,density,92,MN18038X_008,Organic 4010,forage,NA,NA
94,1,32,1,1_32_1,density,91,3,density_91_3,density91,density,91,IL17-7339,Icicle Winter Peas,forage,50,100
95,1,32,2,1_32_2,density,91,2,density_91_2,density91,density,91,IL17-7339,Icicle Winter Peas,forage,50,100
96,1,32,3,1_32_3,density,91,1,density_91_1,density91,density,91,IL17-7339,Icicle Winter Peas,forage,50,100
97,1,33,1,1_33_1,density,90,3,density_90_3,density90,density,90,IL17-1253,Icicle Winter Peas,forage,0,50
98,1,33,2,1_33_2,density,90,2,density_90_2,density90,density,90,IL17-1253,Icicle Winter Peas,forage,0,50
99,1,33,3,1_33_3,density,90,1,density_90_1,density90,density,90,IL17-1253,Icicle Winter Peas,forage,0,50
100,1,34,1,1_34_1,density,89,3,density_89_3,density89,density,89,ND180256,Icicle Winter Peas,forage,50,50
101,1,34,2,1_34_2,density,89,2,density_89_2,density89,density,89,ND180256,Icicle Winter Peas,forage,50,50
102,1,34,3,1_34_3,density,89,1,density_89_1,density89,density,89,ND180256,Icicle Winter Peas,forage,50,50
103,1,35,1,1_35_1,density,88,3,density_88_3,density88,density,88,ND180256,Icicle Winter Peas,forage,100,50
104,1,35,2,1_35_2,density,88,2,density_88_2,density88,density,88,ND180256,Icicle Winter Peas,forage,100,50
105,1,35,3,1_35_3,density,88,1,density_88_1,density88,density,88,ND180256,Icicle Winter Peas,forage,100,50
106,1,36,1,1_36_1,density,87,3,density_87_3,density87,density,87,IL17-7339,delta field pea,grain,50,100
107,1,36,2,1_36_2,density,87,2,density_87_2,density87,density,87,IL17-7339,delta field pea,grain,50,100
108,1,36,3,1_36_3,density,87,1,density_87_1,density87,density,87,IL17-7339,delta field pea,grain,50,100
109,1,37,1,1_37_1,density,86,3,density_86_3,density86,density,86,IL17-1253,AUSTRIAN FIELD PEAS,forage,100,50
110,1,37,2,1_37_2,density,86,2,density_86_2,density86,density,86,IL17-1253,AUSTRIAN FIELD PEAS,forage,100,50
111,1,37,3,1_37_3,density,86,1,density_86_1,density86,density,86,IL17-1253,AUSTRIAN FIELD PEAS,forage,100,50
112,1,38,1,1_38_1,density,85,3,density_85_3,density85,density,85,OT7100,AUSTRIAN FIELD PEAS,forage,100,50
113,1,38,2,1_38_2,density,85,2,density_85_2,density85,density,85,OT7100,AUSTRIAN FIELD PEAS,forage,100,50
114,1,38,3,1_38_3,density,85,1,density_85_1,density85,density,85,OT7100,AUSTRIAN FIELD PEAS,forage,100,50
115,1,39,1,1_39_1,density,84,3,density_84_3,density84,density,84,IL17-7339,DS Admiral,grain,50,50
116,1,39,2,1_39_2,density,84,2,density_84_2,density84,density,84,IL17-7339,DS Admiral,grain,50,50
117,1,39,3,1_39_3,density,84,1,density_84_1,density84,density,84,IL17-7339,DS Admiral,grain,50,50
118,1,40,1,1_40_1,density,83,3,density_83_3,density83,density,83,IL17-7339,delta field pea,grain,100,100
119,1,40,2,1_40_2,density,83,2,density_83_2,density83,density,83,IL17-7339,delta field pea,grain,100,100
120,1,40,3,1_40_3,density,83,1,density_83_1,density83,density,83,IL17-7339,delta field pea,grain,100,100
121,1,41,1,1_41_1,density,82,3,density_82_3,density82,density,82,IL17-1253,DS Admiral,grain,100,50
122,1,41,2,1_41_2,density,82,2,density_82_2,density82,density,82,IL17-1253,DS Admiral,grain,100,50
123,1,41,3,1_41_3,density,82,1,density_82_1,density82,density,82,IL17-1253,DS Admiral,grain,100,50
124,1,42,1,1_42_1,density,81,3,density_81_3,density81,density,81,OT7100,Icicle Winter Peas,forage,50,50
125,1,42,2,1_42_2,density,81,2,density_81_2,density81,density,81,OT7100,Icicle Winter Peas,forage,50,50
126,1,42,3,1_42_3,density,81,1,density_81_1,density81,density,81,OT7100,Icicle Winter Peas,forage,50,50
127,1,43,1,1_43_1,guard,OG_3,3,guard_OG_3_3,guardOG_3,guard,OG_3,Steuben,na,na,100,na
128,1,43,2,1_43_2,guard,OG_3,2,guard_OG_3_2,guardOG_3,guard,OG_3,Steuben,na,na,100,na
129,1,43,3,1_43_3,guard,OG_3,1,guard_OG_3_1,guardOG_3,guard,OG_3,Steuben,na,na,100,na
130,2,1,1,2_1_1,guard,OG_4,3,guard_OG_4_3,guardOG_4,guard,OG_4,Steuben,na,na,100,na
131,2,1,2,2_1_2,guard,OG_4,2,guard_OG_4_2,guardOG_4,guard,OG_4,Steuben,na,na,100,na
132,2,1,3,2_1_3,guard,OG_4,1,guard_OG_4_1,guardOG_4,guard,OG_4,Steuben,na,na,100,na
133,2,2,1,2_2_1,diversity,80,3,diversity_80_3,diversity80,diversity,80,IL17-1253,NDP150231Y,field,75,75
134,2,2,2,2_2_2,diversity,80,2,diversity_80_2,diversity80,diversity,80,IL17-1253,NDP150231Y,field,75,75
135,2,2,3,2_2_3,diversity,80,1,diversity_80_1,diversity80,diversity,80,IL17-1253,NDP150231Y,field,75,75
136,2,3,1,2_3_1,diversity,79,3,diversity_79_3,diversity79,diversity,79,GOPHER,NDP150412G,field,75,75
137,2,3,2,2_3_2,diversity,79,2,diversity_79_2,diversity79,diversity,79,GOPHER,NDP150412G,field,75,75
138,2,3,3,2_3_3,diversity,79,1,diversity_79_1,diversity79,diversity,79,GOPHER,NDP150412G,field,75,75
139,2,4,1,2_4_1,diversity,78,3,diversity_78_3,diversity78,diversity,78,MN18038X_008,AUSTRIAN FIELD PEAS,forage,75,75
140,2,4,2,2_4_2,diversity,78,2,diversity_78_2,diversity78,diversity,78,MN18038X_008,AUSTRIAN FIELD PEAS,forage,75,75
141,2,4,3,2_4_3,diversity,78,1,diversity_78_1,diversity78,diversity,78,MN18038X_008,AUSTRIAN FIELD PEAS,forage,75,75
142,2,5,1,2_5_1,diversity,77,3,diversity_77_3,diversity77,diversity,77,SD170935,Organic 4010,forage,75,75
143,2,5,2,2_5_2,diversity,77,2,diversity_77_2,diversity77,diversity,77,SD170935,Organic 4010,forage,75,75
144,2,5,3,2_5_3,diversity,77,1,diversity_77_1,diversity77,diversity,77,SD170935,Organic 4010,forage,75,75
145,2,6,1,2_6_1,diversity,76,3,diversity_76_3,diversity76,diversity,76,HAYDEN,Icicle Winter Peas,forage,75,75
146,2,6,2,2_6_2,diversity,76,2,diversity_76_2,diversity76,diversity,76,HAYDEN,Icicle Winter Peas,forage,75,75
147,2,6,3,2_6_3,diversity,76,1,diversity_76_1,diversity76,diversity,76,HAYDEN,Icicle Winter Peas,forage,75,75
148,2,7,1,2_7_1,diversity,75,3,diversity_75_3,diversity75,diversity,75,NATTY,Icicle Winter Peas,forage,75,75
149,2,7,2,2_7_2,diversity,75,2,diversity_75_2,diversity75,diversity,75,NATTY,Icicle Winter Peas,forage,75,75
150,2,7,3,2_7_3,diversity,75,1,diversity_75_1,diversity75,diversity,75,NATTY,Icicle Winter Peas,forage,75,75
151,2,8,1,2_8_1,diversity,74,3,diversity_74_3,diversity74,diversity,74,MN18038X_008,NDP150231Y,field,75,75
152,2,8,2,2_8_2,diversity,74,2,diversity_74_2,diversity74,diversity,74,MN18038X_008,NDP150231Y,field,75,75
153,2,8,3,2_8_3,diversity,74,1,diversity_74_1,diversity74,diversity,74,MN18038X_008,NDP150231Y,field,75,75
154,2,9,1,2_9_1,diversity,73,3,diversity_73_3,diversity73,diversity,73,OT3120,Maxum,forage,75,75
155,2,9,2,2_9_2,diversity,73,2,diversity_73_2,diversity73,diversity,73,OT3120,Maxum,forage,75,75
156,2,9,3,2_9_3,diversity,73,1,diversity_73_1,diversity73,diversity,73,OT3120,Maxum,forage,75,75
157,2,10,1,2_10_1,diversity,72,3,diversity_72_3,diversity72,diversity,72,SD181377,AUSTRIAN FIELD PEAS,forage,75,75
158,2,10,2,2_10_2,diversity,72,2,diversity_72_2,diversity72,diversity,72,SD181377,AUSTRIAN FIELD PEAS,forage,75,75
159,2,10,3,2_10_3,diversity,72,1,diversity_72_1,diversity72,diversity,72,SD181377,AUSTRIAN FIELD PEAS,forage,75,75
160,2,11,1,2_11_1,diversity,71,3,diversity_71_3,diversity71,diversity,71,IL17-7334,ND Dawn,field,75,75
161,2,11,2,2_11_2,diversity,71,2,diversity_71_2,diversity71,diversity,71,IL17-7334,ND Dawn,field,75,75
162,2,11,3,2_11_3,diversity,71,1,diversity_71_1,diversity71,diversity,71,IL17-7334,ND Dawn,field,75,75
163,2,12,1,2_12_1,diversity,70,3,diversity_70_3,diversity70,diversity,70,SD191467,NDP140510Y,field,75,75
164,2,12,2,2_12_2,diversity,70,2,diversity_70_2,diversity70,diversity,70,SD191467,NDP140510Y,field,75,75
165,2,12,3,2_12_3,diversity,70,1,diversity_70_1,diversity70,diversity,70,SD191467,NDP140510Y,field,75,75
166,2,13,1,2_13_1,diversity,69,3,diversity_69_3,diversity69,diversity,69,HORSEPOWER,Frostmaster Peas,forage,75,75
167,2,13,2,2_13_2,diversity,69,2,diversity_69_2,diversity69,diversity,69,HORSEPOWER,Frostmaster Peas,forage,75,75
168,2,13,3,2_13_3,diversity,69,1,diversity_69_1,diversity69,diversity,69,HORSEPOWER,Frostmaster Peas,forage,75,75
169,2,14,1,2_14_1,diversity,68,3,diversity_68_3,diversity68,diversity,68,COLT,DS Admiral,field,75,75
170,2,14,2,2_14_2,diversity,68,2,diversity_68_2,diversity68,diversity,68,COLT,DS Admiral,field,75,75
171,2,14,3,2_14_3,diversity,68,1,diversity_68_1,diversity68,diversity,68,COLT,DS Admiral,field,75,75
172,2,15,1,2_15_1,diversity,67,3,diversity_67_3,diversity67,diversity,67,SD170935,Frostmaster Peas,forage,75,75
173,2,15,2,2_15_2,diversity,67,2,diversity_67_2,diversity67,diversity,67,SD170935,Frostmaster Peas,forage,75,75
174,2,15,3,2_15_3,diversity,67,1,diversity_67_1,diversity67,diversity,67,SD170935,Frostmaster Peas,forage,75,75
175,2,16,1,2_16_1,diversity,66,3,diversity_66_3,diversity66,diversity,66,EXCEL,NDP140510Y,field,75,75
176,2,16,2,2_16_2,diversity,66,2,diversity_66_2,diversity66,diversity,66,EXCEL,NDP140510Y,field,75,75
177,2,16,3,2_16_3,diversity,66,1,diversity_66_1,diversity66,diversity,66,EXCEL,NDP140510Y,field,75,75
178,2,17,1,2_17_1,diversity,65,3,diversity_65_3,diversity65,diversity,65,ESKER,Icicle Winter Peas,forage,75,75
179,2,17,2,2_17_2,diversity,65,2,diversity_65_2,diversity65,diversity,65,ESKER,Icicle Winter Peas,forage,75,75
180,2,17,3,2_17_3,diversity,65,1,diversity_65_1,diversity65,diversity,65,ESKER,Icicle Winter Peas,forage,75,75
181,2,18,1,2_18_1,diversity,64,3,diversity_64_3,diversity64,diversity,64,CORRAL,NDP150412G,field,75,75
182,2,18,2,2_18_2,diversity,64,2,diversity_64_2,diversity64,diversity,64,CORRAL,NDP150412G,field,75,75
183,2,18,3,2_18_3,diversity,64,1,diversity_64_1,diversity64,diversity,64,CORRAL,NDP150412G,field,75,75
184,2,19,1,2_19_1,diversity,63,3,diversity_63_3,diversity63,diversity,63,HAYDEN,NDP150231Y,field,75,75
185,2,19,2,2_19_2,diversity,63,2,diversity_63_2,diversity63,diversity,63,HAYDEN,NDP150231Y,field,75,75
186,2,19,3,2_19_3,diversity,63,1,diversity_63_1,diversity63,diversity,63,HAYDEN,NDP150231Y,field,75,75
187,2,20,1,2_20_1,diversity,62,3,diversity_62_3,diversity62,diversity,62,IL15-5752,Frostmaster Peas,forage,75,75
188,2,20,2,2_20_2,diversity,62,2,diversity_62_2,diversity62,diversity,62,IL15-5752,Frostmaster Peas,forage,75,75
189,2,20,3,2_20_3,diversity,62,1,diversity_62_1,diversity62,diversity,62,IL15-5752,Frostmaster Peas,forage,75,75
190,2,21,1,2_21_1,diversity,61,3,diversity_61_3,diversity61,diversity,61,IL17-1253,ND Victory,field,75,75
191,2,21,2,2_21_2,diversity,61,2,diversity_61_2,diversity61,diversity,61,IL17-1253,ND Victory,field,75,75
192,2,21,3,2_21_3,diversity,61,1,diversity_61_1,diversity61,diversity,61,IL17-1253,ND Victory,field,75,75
193,2,22,1,2_22_1,guard,OG_5,3,guard_OG_5_3,guardOG_5,guard,OG_5,Steuben,na,na,100,na
194,2,22,2,2_22_2,guard,OG_5,2,guard_OG_5_2,guardOG_5,guard,OG_5,Steuben,na,na,100,na
195,2,22,3,2_22_3,guard,OG_5,1,guard_OG_5_1,guardOG_5,guard,OG_5,Steuben,na,na,100,na
196,2,23,1,2_23_1,density,80,3,density_80_3,density80,density,80,IL17-7339,AUSTRIAN FIELD PEAS,na,50,0
197,2,23,2,2_23_2,density,80,2,density_80_2,density80,density,80,IL17-7339,AUSTRIAN FIELD PEAS,na,50,0
198,2,23,3,2_23_3,density,80,1,density_80_1,density80,density,80,IL17-7339,AUSTRIAN FIELD PEAS,na,50,0
199,2,24,1,2_24_1,density,79,3,density_79_3,density79,density,79,IL17-1253,delta field pea,grain,100,100
200,2,24,2,2_24_2,density,79,2,density_79_2,density79,density,79,IL17-1253,delta field pea,grain,100,100
201,2,24,3,2_24_3,density,79,1,density_79_1,density79,density,79,IL17-1253,delta field pea,grain,100,100
202,2,25,1,2_25_1,density,78,3,density_78_3,density78,density,78,IL17-1253,Icicle Winter Peas,forage,100,100
203,2,25,2,2_25_2,density,78,2,density_78_2,density78,density,78,IL17-1253,Icicle Winter Peas,forage,100,100
204,2,25,3,2_25_3,density,78,1,density_78_1,density78,density,78,IL17-1253,Icicle Winter Peas,forage,100,100
205,2,26,1,2_26_1,density,77,3,density_77_3,density77,density,77,ND180256,AUSTRIAN FIELD PEAS,na,100,0
206,2,26,2,2_26_2,density,77,2,density_77_2,density77,density,77,ND180256,AUSTRIAN FIELD PEAS,na,100,0
207,2,26,3,2_26_3,density,77,1,density_77_1,density77,density,77,ND180256,AUSTRIAN FIELD PEAS,na,100,0
208,2,27,1,2_27_1,density,76,3,density_76_3,density76,density,76,ND180256,delta field pea,grain,100,100
209,2,27,2,2_27_2,density,76,2,density_76_2,density76,density,76,ND180256,delta field pea,grain,100,100
210,2,27,3,2_27_3,density,76,1,density_76_1,density76,density,76,ND180256,delta field pea,grain,100,100
211,2,28,1,2_28_1,density,75,3,density_75_3,density75,density,75,ND180256,DS Admiral,grain,50,50
212,2,28,2,2_28_2,density,75,2,density_75_2,density75,density,75,ND180256,DS Admiral,grain,50,50
213,2,28,3,2_28_3,density,75,1,density_75_1,density75,density,75,ND180256,DS Admiral,grain,50,50
214,2,29,1,2_29_1,density,74,3,density_74_3,density74,density,74,ND180256,Icicle Winter Peas,forage,50,100
215,2,29,2,2_29_2,density,74,2,density_74_2,density74,density,74,ND180256,Icicle Winter Peas,forage,50,100
216,2,29,3,2_29_3,density,74,1,density_74_1,density74,density,74,ND180256,Icicle Winter Peas,forage,50,100
217,2,30,1,2_30_1,density,73,3,density_73_3,density73,density,73,IL17-7339,AUSTRIAN FIELD PEAS,forage,100,100
218,2,30,2,2_30_2,density,73,2,density_73_2,density73,density,73,IL17-7339,AUSTRIAN FIELD PEAS,forage,100,100
219,2,30,3,2_30_3,density,73,1,density_73_1,density73,density,73,IL17-7339,AUSTRIAN FIELD PEAS,forage,100,100
220,2,31,1,2_31_1,density,72,3,density_72_3,density72,density,72,IL17-1253,AUSTRIAN FIELD PEAS,na,100,0
221,2,31,2,2_31_2,density,72,2,density_72_2,density72,density,72,IL17-1253,AUSTRIAN FIELD PEAS,na,100,0
222,2,31,3,2_31_3,density,72,1,density_72_1,density72,density,72,IL17-1253,AUSTRIAN FIELD PEAS,na,100,0
223,2,32,1,2_32_1,density,71,3,density_71_3,density71,density,71,OT7100,AUSTRIAN FIELD PEAS,forage,50,100
224,2,32,2,2_32_2,density,71,2,density_71_2,density71,density,71,OT7100,AUSTRIAN FIELD PEAS,forage,50,100
225,2,32,3,2_32_3,density,71,1,density_71_1,density71,density,71,OT7100,AUSTRIAN FIELD PEAS,forage,50,100
226,2,33,1,2_33_1,density,70,3,density_70_3,density70,density,70,ND180256,delta field pea,grain,50,50
227,2,33,2,2_33_2,density,70,2,density_70_2,density70,density,70,ND180256,delta field pea,grain,50,50
228,2,33,3,2_33_3,density,70,1,density_70_1,density70,density,70,ND180256,delta field pea,grain,50,50
229,2,34,1,2_34_1,density,69,3,density_69_3,density69,density,69,IL17-1253,DS Admiral,grain,0,50
230,2,34,2,2_34_2,density,69,2,density_69_2,density69,density,69,IL17-1253,DS Admiral,grain,0,50
231,2,34,3,2_34_3,density,69,1,density_69_1,density69,density,69,IL17-1253,DS Admiral,grain,0,50
232,2,35,1,2_35_1,density,68,3,density_68_3,density68,density,68,IL17-1253,delta field pea,grain,100,50
233,2,35,2,2_35_2,density,68,2,density_68_2,density68,density,68,IL17-1253,delta field pea,grain,100,50
234,2,35,3,2_35_3,density,68,1,density_68_1,density68,density,68,IL17-1253,delta field pea,grain,100,50
235,2,36,1,2_36_1,density,67,3,density_67_3,density67,density,67,IL17-7339,Icicle Winter Peas,forage,100,100
236,2,36,2,2_36_2,density,67,2,density_67_2,density67,density,67,IL17-7339,Icicle Winter Peas,forage,100,100
237,2,36,3,2_36_3,density,67,1,density_67_1,density67,density,67,IL17-7339,Icicle Winter Peas,forage,100,100
238,2,37,1,2_37_1,density,66,3,density_66_3,density66,density,66,OT7100,Icicle Winter Peas,forage,100,100
239,2,37,2,2_37_2,density,66,2,density_66_2,density66,density,66,OT7100,Icicle Winter Peas,forage,100,100
240,2,37,3,2_37_3,density,66,1,density_66_1,density66,density,66,OT7100,Icicle Winter Peas,forage,100,100
241,2,38,1,2_38_1,density,65,3,density_65_3,density65,density,65,IL17-1253,Icicle Winter Peas,forage,0,100
242,2,38,2,2_38_2,density,65,2,density_65_2,density65,density,65,IL17-1253,Icicle Winter Peas,forage,0,100
243,2,38,3,2_38_3,density,65,1,density_65_1,density65,density,65,IL17-1253,Icicle Winter Peas,forage,0,100
244,2,39,1,2_39_1,density,64,3,density_64_3,density64,density,64,IL17-7339,DS Admiral,grain,100,50
245,2,39,2,2_39_2,density,64,2,density_64_2,density64,density,64,IL17-7339,DS Admiral,grain,100,50
246,2,39,3,2_39_3,density,64,1,density_64_1,density64,density,64,IL17-7339,DS Admiral,grain,100,50
247,2,40,1,2_40_1,density,63,3,density_63_3,density63,density,63,OGLE,ND Victory,forage,NA,NA
248,2,40,2,2_40_2,density,63,2,density_63_2,density63,density,63,OGLE,ND Victory,forage,NA,NA
249,2,40,3,2_40_3,density,63,1,density_63_1,density63,density,63,OGLE,ND Victory,forage,NA,NA
250,2,41,1,2_41_1,density,62,3,density_62_3,density62,density,62,IL17-7339,AUSTRIAN FIELD PEAS,forage,50,50
251,2,41,2,2_41_2,density,62,2,density_62_2,density62,density,62,IL17-7339,AUSTRIAN FIELD PEAS,forage,50,50
252,2,41,3,2_41_3,density,62,1,density_62_1,density62,density,62,IL17-7339,AUSTRIAN FIELD PEAS,forage,50,50
253,2,42,1,2_42_1,density,61,3,density_61_3,density61,density,61,OT7100,delta field pea,grain,50,100
254,2,42,2,2_42_2,density,61,2,density_61_2,density61,density,61,OT7100,delta field pea,grain,50,100
255,2,42,3,2_42_3,density,61,1,density_61_1,density61,density,61,OT7100,delta field pea,grain,50,100
256,2,43,1,2_43_1,guard,OG_6,3,guard_OG_6_3,guardOG_6,guard,OG_6,Steuben,na,na,100,na
257,2,43,2,2_43_2,guard,OG_6,2,guard_OG_6_2,guardOG_6,guard,OG_6,Steuben,na,na,100,na
258,2,43,3,2_43_3,guard,OG_6,1,guard_OG_6_1,guardOG_6,guard,OG_6,Steuben,na,na,100,na
259,3,1,1,3_1_1,guard,OG_7,3,guard_OG_7_3,guardOG_7,guard,OG_7,Steuben,na,na,100,na
260,3,1,2,3_1_2,guard,OG_7,2,guard_OG_7_2,guardOG_7,guard,OG_7,Steuben,na,na,100,na
261,3,1,3,3_1_3,guard,OG_7,1,guard_OG_7_1,guardOG_7,guard,OG_7,Steuben,na,na,100,na
262,3,2,1,3_2_1,diversity,41,3,diversity_41_3,diversity41,diversity,41,SD181245,DS Admiral,field,75,75
263,3,2,2,3_2_2,diversity,41,2,diversity_41_2,diversity41,diversity,41,SD181245,DS Admiral,field,75,75
264,3,2,3,3_2_3,diversity,41,1,diversity_41_1,diversity41,diversity,41,SD181245,DS Admiral,field,75,75
265,3,3,1,3_3_1,diversity,42,3,diversity_42_3,diversity42,diversity,42,WI_X10680-3,ND Dawn,field,75,75
266,3,3,2,3_3_2,diversity,42,2,diversity_42_2,diversity42,diversity,42,WI_X10680-3,ND Dawn,field,75,75
267,3,3,3,3_3_3,diversity,42,1,diversity_42_1,diversity42,diversity,42,WI_X10680-3,ND Dawn,field,75,75
268,3,4,1,3_4_1,diversity,43,3,diversity_43_3,diversity43,diversity,43,NEWBURG,Icicle Winter Peas,forage,75,75
269,3,4,2,3_4_2,diversity,43,2,diversity_43_2,diversity43,diversity,43,NEWBURG,Icicle Winter Peas,forage,75,75
270,3,4,3,3_4_3,diversity,43,1,diversity_43_1,diversity43,diversity,43,NEWBURG,Icicle Winter Peas,forage,75,75
271,3,5,1,3_5_1,diversity,44,3,diversity_44_3,diversity44,diversity,44,SPURS,ND Dawn,field,75,75
272,3,5,2,3_5_2,diversity,44,2,diversity_44_2,diversity44,diversity,44,SPURS,ND Dawn,field,75,75
273,3,5,3,3_5_3,diversity,44,1,diversity_44_1,diversity44,diversity,44,SPURS,ND Dawn,field,75,75
274,3,6,1,3_6_1,diversity,45,3,diversity_45_3,diversity45,diversity,45,COLT,Organic 4010,forage,75,75
275,3,6,2,3_6_2,diversity,45,2,diversity_45_2,diversity45,diversity,45,COLT,Organic 4010,forage,75,75
276,3,6,3,3_6_3,diversity,45,1,diversity_45_1,diversity45,diversity,45,COLT,Organic 4010,forage,75,75
277,3,7,1,3_7_1,diversity,46,3,diversity_46_3,diversity46,diversity,46,ND161488,Organic 4010,forage,75,75
278,3,7,2,3_7_2,diversity,46,2,diversity_46_2,diversity46,diversity,46,ND161488,Organic 4010,forage,75,75
279,3,7,3,3_7_3,diversity,46,1,diversity_46_1,diversity46,diversity,46,ND161488,Organic 4010,forage,75,75
280,3,8,1,3_8_1,diversity,47,3,diversity_47_3,diversity47,diversity,47,SD190850,delta field pea,field,75,75
281,3,8,2,3_8_2,diversity,47,2,diversity_47_2,diversity47,diversity,47,SD190850,delta field pea,field,75,75
282,3,8,3,3_8_3,diversity,47,1,diversity_47_1,diversity47,diversity,47,SD190850,delta field pea,field,75,75
283,3,9,1,3_9_1,diversity,48,3,diversity_48_3,diversity48,diversity,48,SADDLE,Maxum,forage,75,75
284,3,9,2,3_9_2,diversity,48,2,diversity_48_2,diversity48,diversity,48,SADDLE,Maxum,forage,75,75
285,3,9,3,3_9_3,diversity,48,1,diversity_48_1,diversity48,diversity,48,SADDLE,Maxum,forage,75,75
286,3,10,1,3_10_1,diversity,49,3,diversity_49_3,diversity49,diversity,49,WARRIOR,DS Admiral,field,75,75
287,3,10,2,3_10_2,diversity,49,2,diversity_49_2,diversity49,diversity,49,WARRIOR,DS Admiral,field,75,75
288,3,10,3,3_10_3,diversity,49,1,diversity_49_1,diversity49,diversity,49,WARRIOR,DS Admiral,field,75,75
289,3,11,1,3_11_1,diversity,50,3,diversity_50_3,diversity50,diversity,50,SD181377,NDP140510Y,field,75,75
290,3,11,2,3_11_2,diversity,50,2,diversity_50_2,diversity50,diversity,50,SD181377,NDP140510Y,field,75,75
291,3,11,3,3_11_3,diversity,50,1,diversity_50_1,diversity50,diversity,50,SD181377,NDP140510Y,field,75,75
292,3,12,1,3_12_1,diversity,51,3,diversity_51_3,diversity51,diversity,51,WI_X10642-3,Organic 4010,forage,75,75
293,3,12,2,3_12_2,diversity,51,2,diversity_51_2,diversity51,diversity,51,WI_X10642-3,Organic 4010,forage,75,75
294,3,12,3,3_12_3,diversity,51,1,diversity_51_1,diversity51,diversity,51,WI_X10642-3,Organic 4010,forage,75,75
295,3,13,1,3_13_1,diversity,52,3,diversity_52_3,diversity52,diversity,52,BUCKSKIN,NDP150412G,field,75,75
296,3,13,2,3_13_2,diversity,52,2,diversity_52_2,diversity52,diversity,52,BUCKSKIN,NDP150412G,field,75,75
297,3,13,3,3_13_3,diversity,52,1,diversity_52_1,diversity52,diversity,52,BUCKSKIN,NDP150412G,field,75,75
298,3,14,1,3_14_1,diversity,53,3,diversity_53_3,diversity53,diversity,53,SADDLE,NDP150231Y,field,75,75
299,3,14,2,3_14_2,diversity,53,2,diversity_53_2,diversity53,diversity,53,SADDLE,NDP150231Y,field,75,75
300,3,14,3,3_14_3,diversity,53,1,diversity_53_1,diversity53,diversity,53,SADDLE,NDP150231Y,field,75,75
301,3,15,1,3_15_1,diversity,54,3,diversity_54_3,diversity54,diversity,54,WI_X10710-7,AUSTRIAN FIELD PEAS,forage,75,75
302,3,15,2,3_15_2,diversity,54,2,diversity_54_2,diversity54,diversity,54,WI_X10710-7,AUSTRIAN FIELD PEAS,forage,75,75
303,3,15,3,3_15_3,diversity,54,1,diversity_54_1,diversity54,diversity,54,WI_X10710-7,AUSTRIAN FIELD PEAS,forage,75,75
304,3,16,1,3_16_1,diversity,55,3,diversity_55_3,diversity55,diversity,55,A10,Maxum,forage,75,75
305,3,16,2,3_16_2,diversity,55,2,diversity_55_2,diversity55,diversity,55,A10,Maxum,forage,75,75
306,3,16,3,3_16_3,diversity,55,1,diversity_55_1,diversity55,diversity,55,A10,Maxum,forage,75,75
307,3,17,1,3_17_1,diversity,56,3,diversity_56_3,diversity56,diversity,56,SABER,delta field pea,field,75,75
308,3,17,2,3_17_2,diversity,56,2,diversity_56_2,diversity56,diversity,56,SABER,delta field pea,field,75,75
309,3,17,3,3_17_3,diversity,56,1,diversity_56_1,diversity56,diversity,56,SABER,delta field pea,field,75,75
310,3,18,1,3_18_1,diversity,57,3,diversity_57_3,diversity57,diversity,57,OT2130,Organic 4010,forage,75,75
311,3,18,2,3_18_2,diversity,57,2,diversity_57_2,diversity57,diversity,57,OT2130,Organic 4010,forage,75,75
312,3,18,3,3_18_3,diversity,57,1,diversity_57_1,diversity57,diversity,57,OT2130,Organic 4010,forage,75,75
313,3,19,1,3_19_1,diversity,58,3,diversity_58_3,diversity58,diversity,58,IL17-7339,DS Admiral,field,75,75
314,3,19,2,3_19_2,diversity,58,2,diversity_58_2,diversity58,diversity,58,IL17-7339,DS Admiral,field,75,75
315,3,19,3,3_19_3,diversity,58,1,diversity_58_1,diversity58,diversity,58,IL17-7339,DS Admiral,field,75,75
316,3,20,1,3_20_1,diversity,59,3,diversity_59_3,diversity59,diversity,59,OGLE,ND Victory,field,75,75
317,3,20,2,3_20_2,diversity,59,2,diversity_59_2,diversity59,diversity,59,OGLE,ND Victory,field,75,75
318,3,20,3,3_20_3,diversity,59,1,diversity_59_1,diversity59,diversity,59,OGLE,ND Victory,field,75,75
319,3,21,1,3_21_1,diversity,60,3,diversity_60_3,diversity60,diversity,60,SD181245,ND Victory,field,75,75
320,3,21,2,3_21_2,diversity,60,2,diversity_60_2,diversity60,diversity,60,SD181245,ND Victory,field,75,75
321,3,21,3,3_21_3,diversity,60,1,diversity_60_1,diversity60,diversity,60,SD181245,ND Victory,field,75,75
322,3,22,1,3_22_1,guard,OG_8,3,guard_OG_8_3,guardOG_8,guard,OG_8,Steuben,na,na,100,na
323,3,22,2,3_22_2,guard,OG_8,2,guard_OG_8_2,guardOG_8,guard,OG_8,Steuben,na,na,100,na
324,3,22,3,3_22_3,guard,OG_8,1,guard_OG_8_1,guardOG_8,guard,OG_8,Steuben,na,na,100,na
325,3,23,1,3_23_1,density,41,3,density_41_3,density41,density,41,ND180256,AUSTRIAN FIELD PEAS,forage,50,100
326,3,23,2,3_23_2,density,41,2,density_41_2,density41,density,41,ND180256,AUSTRIAN FIELD PEAS,forage,50,100
327,3,23,3,3_23_3,density,41,1,density_41_1,density41,density,41,ND180256,AUSTRIAN FIELD PEAS,forage,50,100
328,3,24,1,3_24_1,density,42,3,density_42_3,density42,density,42,IL17-1253,AUSTRIAN FIELD PEAS,forage,50,100
329,3,24,2,3_24_2,density,42,2,density_42_2,density42,density,42,IL17-1253,AUSTRIAN FIELD PEAS,forage,50,100
330,3,24,3,3_24_3,density,42,1,density_42_1,density42,density,42,IL17-1253,AUSTRIAN FIELD PEAS,forage,50,100
331,3,25,1,3_25_1,density,43,3,density_43_3,density43,density,43,IL17-1253,AUSTRIAN FIELD PEAS,forage,0,50
332,3,25,2,3_25_2,density,43,2,density_43_2,density43,density,43,IL17-1253,AUSTRIAN FIELD PEAS,forage,0,50
333,3,25,3,3_25_3,density,43,1,density_43_1,density43,density,43,IL17-1253,AUSTRIAN FIELD PEAS,forage,0,50
334,3,26,1,3_26_1,density,44,3,density_44_3,density44,density,44,IL17-7339,Icicle Winter Peas,forage,100,50
335,3,26,2,3_26_2,density,44,2,density_44_2,density44,density,44,IL17-7339,Icicle Winter Peas,forage,100,50
336,3,26,3,3_26_3,density,44,1,density_44_1,density44,density,44,IL17-7339,Icicle Winter Peas,forage,100,50
337,3,27,1,3_27_1,density,45,3,density_45_3,density45,density,45,IL17-1253,Icicle Winter Peas,forage,100,50
338,3,27,2,3_27_2,density,45,2,density_45_2,density45,density,45,IL17-1253,Icicle Winter Peas,forage,100,50
339,3,27,3,3_27_3,density,45,1,density_45_1,density45,density,45,IL17-1253,Icicle Winter Peas,forage,100,50
340,3,28,1,3_28_1,density,46,3,density_46_3,density46,density,46,IL17-7339,AUSTRIAN FIELD PEAS,forage,50,100
341,3,28,2,3_28_2,density,46,2,density_46_2,density46,density,46,IL17-7339,AUSTRIAN FIELD PEAS,forage,50,100
342,3,28,3,3_28_3,density,46,1,density_46_1,density46,density,46,IL17-7339,AUSTRIAN FIELD PEAS,forage,50,100
343,3,29,1,3_29_1,density,47,3,density_47_3,density47,density,47,OT7100,Icicle Winter Peas,forage,100,50
344,3,29,2,3_29_2,density,47,2,density_47_2,density47,density,47,OT7100,Icicle Winter Peas,forage,100,50
345,3,29,3,3_29_3,density,47,1,density_47_1,density47,density,47,OT7100,Icicle Winter Peas,forage,100,50
346,3,30,1,3_30_1,density,48,3,density_48_3,density48,density,48,OT7100,Icicle Winter Peas,forage,100,100
347,3,30,2,3_30_2,density,48,2,density_48_2,density48,density,48,OT7100,Icicle Winter Peas,forage,100,100
348,3,30,3,3_30_3,density,48,1,density_48_1,density48,density,48,OT7100,Icicle Winter Peas,forage,100,100
349,3,31,1,3_31_1,density,49,3,density_49_3,density49,density,49,IL17-7339,DS Admiral,grain,50,100
350,3,31,2,3_31_2,density,49,2,density_49_2,density49,density,49,IL17-7339,DS Admiral,grain,50,100
351,3,31,3,3_31_3,density,49,1,density_49_1,density49,density,49,IL17-7339,DS Admiral,grain,50,100
352,3,32,1,3_32_1,density,50,3,density_50_3,density50,density,50,ND180256,delta field pea,grain,100,50
353,3,32,2,3_32_2,density,50,2,density_50_2,density50,density,50,ND180256,delta field pea,grain,100,50
354,3,32,3,3_32_3,density,50,1,density_50_1,density50,density,50,ND180256,delta field pea,grain,100,50
355,3,33,1,3_33_1,density,51,3,density_51_3,density51,density,51,IL17-1253,AUSTRIAN FIELD PEAS,na,50,0
356,3,33,2,3_33_2,density,51,2,density_51_2,density51,density,51,IL17-1253,AUSTRIAN FIELD PEAS,na,50,0
357,3,33,3,3_33_3,density,51,1,density_51_1,density51,density,51,IL17-1253,AUSTRIAN FIELD PEAS,na,50,0
358,3,34,1,3_34_1,density,52,3,density_52_3,density52,density,52,IL17-7339,delta field pea,grain,100,50
359,3,34,2,3_34_2,density,52,2,density_52_2,density52,density,52,IL17-7339,delta field pea,grain,100,50
360,3,34,3,3_34_3,density,52,1,density_52_1,density52,density,52,IL17-7339,delta field pea,grain,100,50
361,3,35,1,3_35_1,density,53,3,density_53_3,density53,density,53,OT7100,DS Admiral,grain,50,50
362,3,35,2,3_35_2,density,53,2,density_53_2,density53,density,53,OT7100,DS Admiral,grain,50,50
363,3,35,3,3_35_3,density,53,1,density_53_1,density53,density,53,OT7100,DS Admiral,grain,50,50
364,3,36,1,3_36_1,density,54,3,density_54_3,density54,density,54,ND180256,AUSTRIAN FIELD PEAS,forage,50,50
365,3,36,2,3_36_2,density,54,2,density_54_2,density54,density,54,ND180256,AUSTRIAN FIELD PEAS,forage,50,50
366,3,36,3,3_36_3,density,54,1,density_54_1,density54,density,54,ND180256,AUSTRIAN FIELD PEAS,forage,50,50
367,3,37,1,3_37_1,density,55,3,density_55_3,density55,density,55,IL17-7339,DS Admiral,grain,50,50
368,3,37,2,3_37_2,density,55,2,density_55_2,density55,density,55,IL17-7339,DS Admiral,grain,50,50
369,3,37,3,3_37_3,density,55,1,density_55_1,density55,density,55,IL17-7339,DS Admiral,grain,50,50
370,3,38,1,3_38_1,density,56,3,density_56_3,density56,density,56,OT7100,delta field pea,grain,100,100
371,3,38,2,3_38_2,density,56,2,density_56_2,density56,density,56,OT7100,delta field pea,grain,100,100
372,3,38,3,3_38_3,density,56,1,density_56_1,density56,density,56,OT7100,delta field pea,grain,100,100
373,3,39,1,3_39_1,density,57,3,density_57_3,density57,density,57,ND180256,AUSTRIAN FIELD PEAS,forage,100,100
374,3,39,2,3_39_2,density,57,2,density_57_2,density57,density,57,ND180256,AUSTRIAN FIELD PEAS,forage,100,100
375,3,39,3,3_39_3,density,57,1,density_57_1,density57,density,57,ND180256,AUSTRIAN FIELD PEAS,forage,100,100
376,3,40,1,3_40_1,density,58,3,density_58_3,density58,density,58,IL17-1253,Icicle Winter Peas,forage,50,100
377,3,40,2,3_40_2,density,58,2,density_58_2,density58,density,58,IL17-1253,Icicle Winter Peas,forage,50,100
378,3,40,3,3_40_3,density,58,1,density_58_1,density58,density,58,IL17-1253,Icicle Winter Peas,forage,50,100
379,3,41,1,3_41_1,density,59,3,density_59_3,density59,density,59,IL17-1253,delta field pea,grain,100,50
380,3,41,2,3_41_2,density,59,2,density_59_2,density59,density,59,IL17-1253,delta field pea,grain,100,50
381,3,41,3,3_41_3,density,59,1,density_59_1,density59,density,59,IL17-1253,delta field pea,grain,100,50
382,3,42,1,3_42_1,density,60,3,density_60_3,density60,density,60,ND180256,DS Admiral,grain,100,50
383,3,42,2,3_42_2,density,60,2,density_60_2,density60,density,60,ND180256,DS Admiral,grain,100,50
384,3,42,3,3_42_3,density,60,1,density_60_1,density60,density,60,ND180256,DS Admiral,grain,100,50
385,3,43,1,3_43_1,guard,OG_9,3,guard_OG_9_3,guardOG_9,guard,OG_9,Steuben,na,na,100,na
386,3,43,2,3_43_2,guard,OG_9,2,guard_OG_9_2,guardOG_9,guard,OG_9,Steuben,na,na,100,na
387,3,43,3,3_43_3,guard,OG_9,1,guard_OG_9_1,guardOG_9,guard,OG_9,Steuben,na,na,100,na
388,4,1,1,4_1_1,guard,OG_10,3,guard_OG_10_3,guardOG_10,guard,OG_10,Steuben,na,na,100,na
389,4,1,2,4_1_2,guard,OG_10,2,guard_OG_10_2,guardOG_10,guard,OG_10,Steuben,na,na,100,na
390,4,1,3,4_1_3,guard,OG_10,1,guard_OG_10_1,guardOG_10,guard,OG_10,Steuben,na,na,100,na
391,4,2,1,4_2_1,diversity,40,3,diversity_40_3,diversity40,diversity,40,IL15-5752,AUSTRIAN FIELD PEAS,forage,75,75
392,4,2,2,4_2_2,diversity,40,2,diversity_40_2,diversity40,diversity,40,IL15-5752,AUSTRIAN FIELD PEAS,forage,75,75
393,4,2,3,4_2_3,diversity,40,1,diversity_40_1,diversity40,diversity,40,IL15-5752,AUSTRIAN FIELD PEAS,forage,75,75
394,4,3,1,4_3_1,diversity,39,3,diversity_39_3,diversity39,diversity,39,SD181245,Icicle Winter Peas,forage,75,75
395,4,3,2,4_3_2,diversity,39,2,diversity_39_2,diversity39,diversity,39,SD181245,Icicle Winter Peas,forage,75,75
396,4,3,3,4_3_3,diversity,39,1,diversity_39_1,diversity39,diversity,39,SD181245,Icicle Winter Peas,forage,75,75
397,4,4,1,4_4_1,diversity,38,3,diversity_38_3,diversity38,diversity,38,IL17-5238,AUSTRIAN FIELD PEAS,forage,75,75
398,4,4,2,4_4_2,diversity,38,2,diversity_38_2,diversity38,diversity,38,IL17-5238,AUSTRIAN FIELD PEAS,forage,75,75
399,4,4,3,4_4_3,diversity,38,1,diversity_38_1,diversity38,diversity,38,IL17-5238,AUSTRIAN FIELD PEAS,forage,75,75
400,4,5,1,4_5_1,diversity,37,3,diversity_37_3,diversity37,diversity,37,DEON,Maxum,forage,75,75
401,4,5,2,4_5_2,diversity,37,2,diversity_37_2,diversity37,diversity,37,DEON,Maxum,forage,75,75
402,4,5,3,4_5_3,diversity,37,1,diversity_37_1,diversity37,diversity,37,DEON,Maxum,forage,75,75
403,4,6,1,4_6_1,diversity,36,3,diversity_36_3,diversity36,diversity,36,RUSHMORE,NDP150412G,field,75,75
404,4,6,2,4_6_2,diversity,36,2,diversity_36_2,diversity36,diversity,36,RUSHMORE,NDP150412G,field,75,75
405,4,6,3,4_6_3,diversity,36,1,diversity_36_1,diversity36,diversity,36,RUSHMORE,NDP150412G,field,75,75
406,4,7,1,4_7_1,diversity,35,3,diversity_35_3,diversity35,diversity,35,GOPHER,NDP140510Y,field,75,75
407,4,7,2,4_7_2,diversity,35,2,diversity_35_2,diversity35,diversity,35,GOPHER,NDP140510Y,field,75,75
408,4,7,3,4_7_3,diversity,35,1,diversity_35_1,diversity35,diversity,35,GOPHER,NDP140510Y,field,75,75
409,4,8,1,4_8_1,diversity,34,3,diversity_34_3,diversity34,diversity,34,A25,ND Victory,field,75,75
410,4,8,2,4_8_2,diversity,34,2,diversity_34_2,diversity34,diversity,34,A25,ND Victory,field,75,75
411,4,8,3,4_8_3,diversity,34,1,diversity_34_1,diversity34,diversity,34,A25,ND Victory,field,75,75
412,4,9,1,4_9_1,diversity,33,3,diversity_33_3,diversity33,diversity,33,SD180580,ND Victory,field,75,75
413,4,9,2,4_9_2,diversity,33,2,diversity_33_2,diversity33,diversity,33,SD180580,ND Victory,field,75,75
414,4,9,3,4_9_3,diversity,33,1,diversity_33_1,diversity33,diversity,33,SD180580,ND Victory,field,75,75
415,4,10,1,4_10_1,diversity,32,3,diversity_32_3,diversity32,diversity,32,OT2130,DS Admiral,field,75,75
416,4,10,2,4_10_2,diversity,32,2,diversity_32_2,diversity32,diversity,32,OT2130,DS Admiral,field,75,75
417,4,10,3,4_10_3,diversity,32,1,diversity_32_1,diversity32,diversity,32,OT2130,DS Admiral,field,75,75
418,4,11,1,4_11_1,diversity,31,3,diversity_31_3,diversity31,diversity,31,OGLE,AUSTRIAN FIELD PEAS,forage,75,75
419,4,11,2,4_11_2,diversity,31,2,diversity_31_2,diversity31,diversity,31,OGLE,AUSTRIAN FIELD PEAS,forage,75,75
420,4,11,3,4_11_3,diversity,31,1,diversity_31_1,diversity31,diversity,31,OGLE,AUSTRIAN FIELD PEAS,forage,75,75
421,4,12,1,4_12_1,diversity,30,3,diversity_30_3,diversity30,diversity,30,GOLIATH,Frostmaster Peas,forage,75,75
422,4,12,2,4_12_2,diversity,30,2,diversity_30_2,diversity30,diversity,30,GOLIATH,Frostmaster Peas,forage,75,75
423,4,12,3,4_12_3,diversity,30,1,diversity_30_1,diversity30,diversity,30,GOLIATH,Frostmaster Peas,forage,75,75
424,4,13,1,4_13_1,diversity,29,3,diversity_29_3,diversity29,diversity,29,IL17-7339,NDP150231Y,field,75,75
425,4,13,2,4_13_2,diversity,29,2,diversity_29_2,diversity29,diversity,29,IL17-7339,NDP150231Y,field,75,75
426,4,13,3,4_13_3,diversity,29,1,diversity_29_1,diversity29,diversity,29,IL17-7339,NDP150231Y,field,75,75
427,4,14,1,4_14_1,diversity,28,3,diversity_28_3,diversity28,diversity,28,SD190992,delta field pea,field,75,75
428,4,14,2,4_14_2,diversity,28,2,diversity_28_2,diversity28,diversity,28,SD190992,delta field pea,field,75,75
429,4,14,3,4_14_3,diversity,28,1,diversity_28_1,diversity28,diversity,28,SD190992,delta field pea,field,75,75
430,4,15,1,4_15_1,diversity,27,3,diversity_27_3,diversity27,diversity,27,WI_X10710-7,NDP150412G,field,75,75
431,4,15,2,4_15_2,diversity,27,2,diversity_27_2,diversity27,diversity,27,WI_X10710-7,NDP150412G,field,75,75
432,4,15,3,4_15_3,diversity,27,1,diversity_27_1,diversity27,diversity,27,WI_X10710-7,NDP150412G,field,75,75
433,4,16,1,4_16_1,diversity,26,3,diversity_26_3,diversity26,diversity,26,A11,NDP150231Y,field,75,75
434,4,16,2,4_16_2,diversity,26,2,diversity_26_2,diversity26,diversity,26,A11,NDP150231Y,field,75,75
435,4,16,3,4_16_3,diversity,26,1,diversity_26_1,diversity26,diversity,26,A11,NDP150231Y,field,75,75
436,4,17,1,4_17_1,diversity,25,3,diversity_25_3,diversity25,diversity,25,REINS,NDP150412G,field,75,75
437,4,17,2,4_17_2,diversity,25,2,diversity_25_2,diversity25,diversity,25,REINS,NDP150412G,field,75,75
438,4,17,3,4_17_3,diversity,25,1,diversity_25_1,diversity25,diversity,25,REINS,NDP150412G,field,75,75
439,4,18,1,4_18_1,diversity,24,3,diversity_24_3,diversity24,diversity,24,MN18015X_004,Icicle Winter Peas,forage,75,75
440,4,18,2,4_18_2,diversity,24,2,diversity_24_2,diversity24,diversity,24,MN18015X_004,Icicle Winter Peas,forage,75,75
441,4,18,3,4_18_3,diversity,24,1,diversity_24_1,diversity24,diversity,24,MN18015X_004,Icicle Winter Peas,forage,75,75
442,4,19,1,4_19_1,diversity,23,3,diversity_23_3,diversity23,diversity,23,BAKER,Organic 4010,forage,75,75
443,4,19,2,4_19_2,diversity,23,2,diversity_23_2,diversity23,diversity,23,BAKER,Organic 4010,forage,75,75
444,4,19,3,4_19_3,diversity,23,1,diversity_23_1,diversity23,diversity,23,BAKER,Organic 4010,forage,75,75
445,4,20,1,4_20_1,diversity,22,3,diversity_22_3,diversity22,diversity,22,RUSHMORE,Maxum,forage,75,75
446,4,20,2,4_20_2,diversity,22,2,diversity_22_2,diversity22,diversity,22,RUSHMORE,Maxum,forage,75,75
447,4,20,3,4_20_3,diversity,22,1,diversity_22_1,diversity22,diversity,22,RUSHMORE,Maxum,forage,75,75
448,4,21,1,4_21_1,diversity,21,3,diversity_21_3,diversity21,diversity,21,HORSEPOWER,ND Victory,field,75,75
449,4,21,2,4_21_2,diversity,21,2,diversity_21_2,diversity21,diversity,21,HORSEPOWER,ND Victory,field,75,75
450,4,21,3,4_21_3,diversity,21,1,diversity_21_1,diversity21,diversity,21,HORSEPOWER,ND Victory,field,75,75
451,4,22,1,4_22_1,guard,OG_11,3,guard_OG_11_3,guardOG_11,guard,OG_11,Steuben,na,na,100,na
452,4,22,2,4_22_2,guard,OG_11,2,guard_OG_11_2,guardOG_11,guard,OG_11,Steuben,na,na,100,na
453,4,22,3,4_22_3,guard,OG_11,1,guard_OG_11_1,guardOG_11,guard,OG_11,Steuben,na,na,100,na
454,4,23,1,4_23_1,density,40,3,density_40_3,density40,density,40,OT7100,AUSTRIAN FIELD PEAS,forage,50,50
455,4,23,2,4_23_2,density,40,2,density_40_2,density40,density,40,OT7100,AUSTRIAN FIELD PEAS,forage,50,50
456,4,23,3,4_23_3,density,40,1,density_40_1,density40,density,40,OT7100,AUSTRIAN FIELD PEAS,forage,50,50
457,4,24,1,4_24_1,density,39,3,density_39_3,density39,density,39,IL17-1253,Icicle Winter Peas,forage,100,50
458,4,24,2,4_24_2,density,39,2,density_39_2,density39,density,39,IL17-1253,Icicle Winter Peas,forage,100,50
459,4,24,3,4_24_3,density,39,1,density_39_1,density39,density,39,IL17-1253,Icicle Winter Peas,forage,100,50
460,4,25,1,4_25_1,density,38,3,density_38_3,density38,density,38,ND180256,DS Admiral,grain,100,100
461,4,25,2,4_25_2,density,38,2,density_38_2,density38,density,38,ND180256,DS Admiral,grain,100,100
462,4,25,3,4_25_3,density,38,1,density_38_1,density38,density,38,ND180256,DS Admiral,grain,100,100
463,4,26,1,4_26_1,density,37,3,density_37_3,density37,density,37,OT7100,DS Admiral,grain,50,100
464,4,26,2,4_26_2,density,37,2,density_37_2,density37,density,37,OT7100,DS Admiral,grain,50,100
465,4,26,3,4_26_3,density,37,1,density_37_1,density37,density,37,OT7100,DS Admiral,grain,50,100
466,4,27,1,4_27_1,density,36,3,density_36_3,density36,density,36,IL17-1253,delta field pea,grain,50,50
467,4,27,2,4_27_2,density,36,2,density_36_2,density36,density,36,IL17-1253,delta field pea,grain,50,50
468,4,27,3,4_27_3,density,36,1,density_36_1,density36,density,36,IL17-1253,delta field pea,grain,50,50
469,4,28,1,4_28_1,density,35,3,density_35_3,density35,density,35,IL17-1253,DS Admiral,grain,100,100
470,4,28,2,4_28_2,density,35,2,density_35_2,density35,density,35,IL17-1253,DS Admiral,grain,100,100
471,4,28,3,4_28_3,density,35,1,density_35_1,density35,density,35,IL17-1253,DS Admiral,grain,100,100
472,4,29,1,4_29_1,density,34,3,density_34_3,density34,density,34,ND180256,Icicle Winter Peas,forage,50,50
473,4,29,2,4_29_2,density,34,2,density_34_2,density34,density,34,ND180256,Icicle Winter Peas,forage,50,50
474,4,29,3,4_29_3,density,34,1,density_34_1,density34,density,34,ND180256,Icicle Winter Peas,forage,50,50
475,4,30,1,4_30_1,density,33,3,density_33_3,density33,density,33,ND180256,delta field pea,grain,100,100
476,4,30,2,4_30_2,density,33,2,density_33_2,density33,density,33,ND180256,delta field pea,grain,100,100
477,4,30,3,4_30_3,density,33,1,density_33_1,density33,density,33,ND180256,delta field pea,grain,100,100
478,4,31,1,4_31_1,density,32,3,density_32_3,density32,density,32,IL17-1253,DS Admiral,grain,50,50
479,4,31,2,4_31_2,density,32,2,density_32_2,density32,density,32,IL17-1253,DS Admiral,grain,50,50
480,4,31,3,4_31_3,density,32,1,density_32_1,density32,density,32,IL17-1253,DS Admiral,grain,50,50
481,4,32,1,4_32_1,density,31,3,density_31_3,density31,density,31,OT7100,delta field pea,grain,50,50
482,4,32,2,4_32_2,density,31,2,density_31_2,density31,density,31,OT7100,delta field pea,grain,50,50
483,4,32,3,4_32_3,density,31,1,density_31_1,density31,density,31,OT7100,delta field pea,grain,50,50
484,4,33,1,4_33_1,density,30,3,density_30_3,density30,density,30,IL17-1253,delta field pea,grain,0,100
485,4,33,2,4_33_2,density,30,2,density_30_2,density30,density,30,IL17-1253,delta field pea,grain,0,100
486,4,33,3,4_33_3,density,30,1,density_30_1,density30,density,30,IL17-1253,delta field pea,grain,0,100
487,4,34,1,4_34_1,density,29,3,density_29_3,density29,density,29,OT7100,AUSTRIAN FIELD PEAS,na,100,0
488,4,34,2,4_34_2,density,29,2,density_29_2,density29,density,29,OT7100,AUSTRIAN FIELD PEAS,na,100,0
489,4,34,3,4_34_3,density,29,1,density_29_1,density29,density,29,OT7100,AUSTRIAN FIELD PEAS,na,100,0
490,4,35,1,4_35_1,density,28,3,density_28_3,density28,density,28,IL17-7339,delta field pea,grain,100,100
491,4,35,2,4_35_2,density,28,2,density_28_2,density28,density,28,IL17-7339,delta field pea,grain,100,100
492,4,35,3,4_35_3,density,28,1,density_28_1,density28,density,28,IL17-7339,delta field pea,grain,100,100
493,4,36,1,4_36_1,density,27,3,density_27_3,density27,density,27,IL17-1253,DS Admiral,grain,NA,NA
494,4,36,2,4_36_2,density,27,2,density_27_2,density27,density,27,IL17-1253,DS Admiral,grain,NA,NA
495,4,36,3,4_36_3,density,27,1,density_27_1,density27,density,27,IL17-1253,DS Admiral,grain,NA,NA
496,4,37,1,4_37_1,density,26,3,density_26_3,density26,density,26,IL17-7339,AUSTRIAN FIELD PEAS,na,100,0
497,4,37,2,4_37_2,density,26,2,density_26_2,density26,density,26,IL17-7339,AUSTRIAN FIELD PEAS,na,100,0
498,4,37,3,4_37_3,density,26,1,density_26_1,density26,density,26,IL17-7339,AUSTRIAN FIELD PEAS,na,100,0
499,4,38,1,4_38_1,density,25,3,density_25_3,density25,density,25,SD181245,Icicle Winter Peas,forage,NA,NA
500,4,38,2,4_38_2,density,25,2,density_25_2,density25,density,25,SD181245,Icicle Winter Peas,forage,NA,NA
501,4,38,3,4_38_3,density,25,1,density_25_1,density25,density,25,SD181245,Icicle Winter Peas,forage,NA,NA
502,4,39,1,4_39_1,density,24,3,density_24_3,density24,density,24,ND180256,delta field pea,grain,50,100
503,4,39,2,4_39_2,density,24,2,density_24_2,density24,density,24,ND180256,delta field pea,grain,50,100
504,4,39,3,4_39_3,density,24,1,density_24_1,density24,density,24,ND180256,delta field pea,grain,50,100
505,4,40,1,4_40_1,density,23,3,density_23_3,density23,density,23,IL17-7339,Icicle Winter Peas,forage,50,100
506,4,40,2,4_40_2,density,23,2,density_23_2,density23,density,23,IL17-7339,Icicle Winter Peas,forage,50,100
507,4,40,3,4_40_3,density,23,1,density_23_1,density23,density,23,IL17-7339,Icicle Winter Peas,forage,50,100
508,4,41,1,4_41_1,density,22,3,density_22_3,density22,density,22,ND180256,AUSTRIAN FIELD PEAS,na,50,0
509,4,41,2,4_41_2,density,22,2,density_22_2,density22,density,22,ND180256,AUSTRIAN FIELD PEAS,na,50,0
510,4,41,3,4_41_3,density,22,1,density_22_1,density22,density,22,ND180256,AUSTRIAN FIELD PEAS,na,50,0
511,4,42,1,4_42_1,density,21,3,density_21_3,density21,density,21,IL17-1253,AUSTRIAN FIELD PEAS,forage,0,100
512,4,42,2,4_42_2,density,21,2,density_21_2,density21,density,21,IL17-1253,AUSTRIAN FIELD PEAS,forage,0,100
513,4,42,3,4_42_3,density,21,1,density_21_1,density21,density,21,IL17-1253,AUSTRIAN FIELD PEAS,forage,0,100
514,4,43,1,4_43_1,guard,OG_12,3,guard_OG_12_3,guardOG_12,guard,OG_12,Steuben,na,na,100,na
515,4,43,2,4_43_2,guard,OG_12,2,guard_OG_12_2,guardOG_12,guard,OG_12,Steuben,na,na,100,na
516,4,43,3,4_43_3,guard,OG_12,1,guard_OG_12_1,guardOG_12,guard,OG_12,Steuben,na,na,100,na
517,5,1,1,5_1_1,guard,OG_13,3,guard_OG_13_3,guardOG_13,guard,OG_13,Steuben,na,na,100,na
518,5,1,2,5_1_2,guard,OG_13,2,guard_OG_13_2,guardOG_13,guard,OG_13,Steuben,na,na,100,na
519,5,1,3,5_1_3,guard,OG_13,1,guard_OG_13_1,guardOG_13,guard,OG_13,Steuben,na,na,100,na
520,5,2,1,5_2_1,diversity,1,3,diversity_1_3,diversity1,diversity,1,SABER,Maxum,forage,75,75
521,5,2,2,5_2_2,diversity,1,2,diversity_1_2,diversity1,diversity,1,SABER,Maxum,forage,75,75
522,5,2,3,5_2_3,diversity,1,1,diversity_1_1,diversity1,diversity,1,SABER,Maxum,forage,75,75
523,5,3,1,5_3_1,diversity,2,3,diversity_2_3,diversity2,diversity,2,ND170376,AUSTRIAN FIELD PEAS,forage,75,75
524,5,3,2,5_3_2,diversity,2,2,diversity_2_2,diversity2,diversity,2,ND170376,AUSTRIAN FIELD PEAS,forage,75,75
525,5,3,3,5_3_3,diversity,2,1,diversity_2_1,diversity2,diversity,2,ND170376,AUSTRIAN FIELD PEAS,forage,75,75
526,5,4,1,5_4_1,diversity,3,3,diversity_3_3,diversity3,diversity,3,NATTY,Frostmaster Peas,forage,75,75
527,5,4,2,5_4_2,diversity,3,2,diversity_3_2,diversity3,diversity,3,NATTY,Frostmaster Peas,forage,75,75
528,5,4,3,5_4_3,diversity,3,1,diversity_3_1,diversity3,diversity,3,NATTY,Frostmaster Peas,forage,75,75
529,5,5,1,5_5_1,diversity,4,3,diversity_4_3,diversity4,diversity,4,WI_X10680-3,delta field pea,field,75,75
530,5,5,2,5_5_2,diversity,4,2,diversity_4_2,diversity4,diversity,4,WI_X10680-3,delta field pea,field,75,75
531,5,5,3,5_5_3,diversity,4,1,diversity_4_1,diversity4,diversity,4,WI_X10680-3,delta field pea,field,75,75
532,5,6,1,5_6_1,diversity,5,3,diversity_5_3,diversity5,diversity,5,ND170307,DS Admiral,field,75,75
533,5,6,2,5_6_2,diversity,5,2,diversity_5_2,diversity5,diversity,5,ND170307,DS Admiral,field,75,75
534,5,6,3,5_6_3,diversity,5,1,diversity_5_1,diversity5,diversity,5,ND170307,DS Admiral,field,75,75
535,5,7,1,5_7_1,diversity,6,3,diversity_6_3,diversity6,diversity,6,ESKER,NDP140510Y,field,75,75
536,5,7,2,5_7_2,diversity,6,2,diversity_6_2,diversity6,diversity,6,ESKER,NDP140510Y,field,75,75
537,5,7,3,5_7_3,diversity,6,1,diversity_6_1,diversity6,diversity,6,ESKER,NDP140510Y,field,75,75
538,5,8,1,5_8_1,diversity,7,3,diversity_7_3,diversity7,diversity,7,SD180580,DS Admiral,field,75,75
539,5,8,2,5_8_2,diversity,7,2,diversity_7_2,diversity7,diversity,7,SD180580,DS Admiral,field,75,75
540,5,8,3,5_8_3,diversity,7,1,diversity_7_1,diversity7,diversity,7,SD180580,DS Admiral,field,75,75
541,5,9,1,5_9_1,diversity,8,3,diversity_8_3,diversity8,diversity,8,IL17-1253,DS Admiral,field,75,75
542,5,9,2,5_9_2,diversity,8,2,diversity_8_2,diversity8,diversity,8,IL17-1253,DS Admiral,field,75,75
543,5,9,3,5_9_3,diversity,8,1,diversity_8_1,diversity8,diversity,8,IL17-1253,DS Admiral,field,75,75
544,5,10,1,5_10_1,diversity,9,3,diversity_9_3,diversity9,diversity,9,CORRAL,Frostmaster Peas,forage,75,75
545,5,10,2,5_10_2,diversity,9,2,diversity_9_2,diversity9,diversity,9,CORRAL,Frostmaster Peas,forage,75,75
546,5,10,3,5_10_3,diversity,9,1,diversity_9_1,diversity9,diversity,9,CORRAL,Frostmaster Peas,forage,75,75
547,5,11,1,5_11_1,diversity,10,3,diversity_10_3,diversity10,diversity,10,A25,ND Dawn,field,75,75
548,5,11,2,5_11_2,diversity,10,2,diversity_10_2,diversity10,diversity,10,A25,ND Dawn,field,75,75
549,5,11,3,5_11_3,diversity,10,1,diversity_10_1,diversity10,diversity,10,A25,ND Dawn,field,75,75
550,5,12,1,5_12_1,diversity,11,3,diversity_11_3,diversity11,diversity,11,EXCEL,ND Victory,field,75,75
551,5,12,2,5_12_2,diversity,11,2,diversity_11_2,diversity11,diversity,11,EXCEL,ND Victory,field,75,75
552,5,12,3,5_12_3,diversity,11,1,diversity_11_1,diversity11,diversity,11,EXCEL,ND Victory,field,75,75
553,5,13,1,5_13_1,diversity,12,3,diversity_12_3,diversity12,diversity,12,SD181237,ND Dawn,field,75,75
554,5,13,2,5_13_2,diversity,12,2,diversity_12_2,diversity12,diversity,12,SD181237,ND Dawn,field,75,75
555,5,13,3,5_13_3,diversity,12,1,diversity_12_1,diversity12,diversity,12,SD181237,ND Dawn,field,75,75
556,5,14,1,5_14_1,diversity,13,3,diversity_13_3,diversity13,diversity,13,IL17-5238,Organic 4010,forage,75,75
557,5,14,2,5_14_2,diversity,13,2,diversity_13_2,diversity13,diversity,13,IL17-5238,Organic 4010,forage,75,75
558,5,14,3,5_14_3,diversity,13,1,diversity_13_1,diversity13,diversity,13,IL17-5238,Organic 4010,forage,75,75
559,5,15,1,5_15_1,diversity,14,3,diversity_14_3,diversity14,diversity,14,IL17-1704,delta field pea,field,75,75
560,5,15,2,5_15_2,diversity,14,2,diversity_14_2,diversity14,diversity,14,IL17-1704,delta field pea,field,75,75
561,5,15,3,5_15_3,diversity,14,1,diversity_14_1,diversity14,diversity,14,IL17-1704,delta field pea,field,75,75
562,5,16,1,5_16_1,diversity,15,3,diversity_15_3,diversity15,diversity,15,A11,NDP140510Y,field,75,75
563,5,16,2,5_16_2,diversity,15,2,diversity_15_2,diversity15,diversity,15,A11,NDP140510Y,field,75,75
564,5,16,3,5_16_3,diversity,15,1,diversity_15_1,diversity15,diversity,15,A11,NDP140510Y,field,75,75
565,5,17,1,5_17_1,diversity,16,3,diversity_16_3,diversity16,diversity,16,WARRIOR,ND Victory,field,75,75
566,5,17,2,5_17_2,diversity,16,2,diversity_16_2,diversity16,diversity,16,WARRIOR,ND Victory,field,75,75
567,5,17,3,5_17_3,diversity,16,1,diversity_16_1,diversity16,diversity,16,WARRIOR,ND Victory,field,75,75
568,5,18,1,5_18_1,diversity,17,3,diversity_17_3,diversity17,diversity,17,ND161488,Maxum,forage,75,75
569,5,18,2,5_18_2,diversity,17,2,diversity_17_2,diversity17,diversity,17,ND161488,Maxum,forage,75,75
570,5,18,3,5_18_3,diversity,17,1,diversity_17_1,diversity17,diversity,17,ND161488,Maxum,forage,75,75
571,5,19,1,5_19_1,diversity,18,3,diversity_18_3,diversity18,diversity,18,A10,NDP150412G,field,75,75
572,5,19,2,5_19_2,diversity,18,2,diversity_18_2,diversity18,diversity,18,A10,NDP150412G,field,75,75
573,5,19,3,5_19_3,diversity,18,1,diversity_18_1,diversity18,diversity,18,A10,NDP150412G,field,75,75
574,5,20,1,5_20_1,diversity,19,3,diversity_19_3,diversity19,diversity,19,OT3120,NDP150231Y,field,75,75
575,5,20,2,5_20_2,diversity,19,2,diversity_19_2,diversity19,diversity,19,OT3120,NDP150231Y,field,75,75
576,5,20,3,5_20_3,diversity,19,1,diversity_19_1,diversity19,diversity,19,OT3120,NDP150231Y,field,75,75
577,5,21,1,5_21_1,diversity,20,3,diversity_20_3,diversity20,diversity,20,LEGGETT,Icicle Winter Peas,forage,75,75
578,5,21,2,5_21_2,diversity,20,2,diversity_20_2,diversity20,diversity,20,LEGGETT,Icicle Winter Peas,forage,75,75
579,5,21,3,5_21_3,diversity,20,1,diversity_20_1,diversity20,diversity,20,LEGGETT,Icicle Winter Peas,forage,75,75
580,5,22,1,5_22_1,guard,OG_14,3,guard_OG_14_3,guardOG_14,guard,OG_14,Steuben,na,na,100,na
581,5,22,2,5_22_2,guard,OG_14,2,guard_OG_14_2,guardOG_14,guard,OG_14,Steuben,na,na,100,na
582,5,22,3,5_22_3,guard,OG_14,1,guard_OG_14_1,guardOG_14,guard,OG_14,Steuben,na,na,100,na
583,5,23,1,5_23_1,density,1,3,density_1_3,density1,density,1,IL17-7339,AUSTRIAN FIELD PEAS,forage,100,50
584,5,23,2,5_23_2,density,1,2,density_1_2,density1,density,1,IL17-7339,AUSTRIAN FIELD PEAS,forage,100,50
585,5,23,3,5_23_3,density,1,1,density_1_1,density1,density,1,IL17-7339,AUSTRIAN FIELD PEAS,forage,100,50
586,5,24,1,5_24_1,density,2,3,density_2_3,density2,density,2,IL17-7339,delta field pea,grain,50,50
587,5,24,2,5_24_2,density,2,2,density_2_2,density2,density,2,IL17-7339,delta field pea,grain,50,50
588,5,24,3,5_24_3,density,2,1,density_2_1,density2,density,2,IL17-7339,delta field pea,grain,50,50
589,5,25,1,5_25_1,density,3,3,density_3_3,density3,density,3,OT7100,AUSTRIAN FIELD PEAS,forage,100,50
590,5,25,2,5_25_2,density,3,2,density_3_2,density3,density,3,OT7100,AUSTRIAN FIELD PEAS,forage,100,50
591,5,25,3,5_25_3,density,3,1,density_3_1,density3,density,3,OT7100,AUSTRIAN FIELD PEAS,forage,100,50
592,5,26,1,5_26_1,density,4,3,density_4_3,density4,density,4,IL17-1253,Icicle Winter Peas,forage,50,50
593,5,26,2,5_26_2,density,4,2,density_4_2,density4,density,4,IL17-1253,Icicle Winter Peas,forage,50,50
594,5,26,3,5_26_3,density,4,1,density_4_1,density4,density,4,IL17-1253,Icicle Winter Peas,forage,50,50
595,5,27,1,5_27_1,density,5,3,density_5_3,density5,density,5,IL17-1253,delta field pea,grain,0,50
596,5,27,2,5_27_2,density,5,2,density_5_2,density5,density,5,IL17-1253,delta field pea,grain,0,50
597,5,27,3,5_27_3,density,5,1,density_5_1,density5,density,5,IL17-1253,delta field pea,grain,0,50
598,5,28,1,5_28_1,density,6,3,density_6_3,density6,density,6,IL17-1253,AUSTRIAN FIELD PEAS,forage,100,100
599,5,28,2,5_28_2,density,6,2,density_6_2,density6,density,6,IL17-1253,AUSTRIAN FIELD PEAS,forage,100,100
600,5,28,3,5_28_3,density,6,1,density_6_1,density6,density,6,IL17-1253,AUSTRIAN FIELD PEAS,forage,100,100
601,5,29,1,5_29_1,density,7,3,density_7_3,density7,density,7,OT7100,delta field pea,grain,50,50
602,5,29,2,5_29_2,density,7,2,density_7_2,density7,density,7,OT7100,delta field pea,grain,50,50
603,5,29,3,5_29_3,density,7,1,density_7_1,density7,density,7,OT7100,delta field pea,grain,50,50
604,5,30,1,5_30_1,density,8,3,density_8_3,density8,density,8,ND180256,DS Admiral,grain,100,50
605,5,30,2,5_30_2,density,8,2,density_8_2,density8,density,8,ND180256,DS Admiral,grain,100,50
606,5,30,3,5_30_3,density,8,1,density_8_1,density8,density,8,ND180256,DS Admiral,grain,100,50
607,5,31,1,5_31_1,density,9,3,density_9_3,density9,density,9,IL17-1253,DS Admiral,grain,50,100
608,5,31,2,5_31_2,density,9,2,density_9_2,density9,density,9,IL17-1253,DS Admiral,grain,50,100
609,5,31,3,5_31_3,density,9,1,density_9_1,density9,density,9,IL17-1253,DS Admiral,grain,50,100
610,5,32,1,5_32_1,density,10,3,density_10_3,density10,density,10,ND180256,Icicle Winter Peas,forage,100,100
611,5,32,2,5_32_2,density,10,2,density_10_2,density10,density,10,ND180256,Icicle Winter Peas,forage,100,100
612,5,32,3,5_32_3,density,10,1,density_10_1,density10,density,10,ND180256,Icicle Winter Peas,forage,100,100
613,5,33,1,5_33_1,density,11,3,density_11_3,density11,density,11,OT7100,AUSTRIAN FIELD PEAS,na,50,0
614,5,33,2,5_33_2,density,11,2,density_11_2,density11,density,11,OT7100,AUSTRIAN FIELD PEAS,na,50,0
615,5,33,3,5_33_3,density,11,1,density_11_1,density11,density,11,OT7100,AUSTRIAN FIELD PEAS,na,50,0
616,5,34,1,5_34_1,density,12,3,density_12_3,density12,density,12,OT7100,DS Admiral,grain,100,100
617,5,34,2,5_34_2,density,12,2,density_12_2,density12,density,12,OT7100,DS Admiral,grain,100,100
618,5,34,3,5_34_3,density,12,1,density_12_1,density12,density,12,OT7100,DS Admiral,grain,100,100
619,5,35,1,5_35_1,density,13,3,density_13_3,density13,density,13,IL17-7339,Icicle Winter Peas,forage,50,50
620,5,35,2,5_35_2,density,13,2,density_13_2,density13,density,13,IL17-7339,Icicle Winter Peas,forage,50,50
621,5,35,3,5_35_3,density,13,1,density_13_1,density13,density,13,IL17-7339,Icicle Winter Peas,forage,50,50
622,5,36,1,5_36_1,density,14,3,density_14_3,density14,density,14,IL17-1253,DS Admiral,grain,100,100
623,5,36,2,5_36_2,density,14,2,density_14_2,density14,density,14,IL17-1253,DS Admiral,grain,100,100
624,5,36,3,5_36_3,density,14,1,density_14_1,density14,density,14,IL17-1253,DS Admiral,grain,100,100
625,5,37,1,5_37_1,density,15,3,density_15_3,density15,density,15,OT7100,Icicle Winter Peas,forage,50,100
626,5,37,2,5_37_2,density,15,2,density_15_2,density15,density,15,OT7100,Icicle Winter Peas,forage,50,100
627,5,37,3,5_37_3,density,15,1,density_15_1,density15,density,15,OT7100,Icicle Winter Peas,forage,50,100
628,5,38,1,5_38_1,density,16,3,density_16_3,density16,density,16,OT7100,DS Admiral,grain,100,50
629,5,38,2,5_38_2,density,16,2,density_16_2,density16,density,16,OT7100,DS Admiral,grain,100,50
630,5,38,3,5_38_3,density,16,1,density_16_1,density16,density,16,OT7100,DS Admiral,grain,100,50
631,5,39,1,5_39_1,density,17,3,density_17_3,density17,density,17,IL17-7339,DS Admiral,grain,100,100
632,5,39,2,5_39_2,density,17,2,density_17_2,density17,density,17,IL17-7339,DS Admiral,grain,100,100
633,5,39,3,5_39_3,density,17,1,density_17_1,density17,density,17,IL17-7339,DS Admiral,grain,100,100
634,5,40,1,5_40_1,density,18,3,density_18_3,density18,density,18,IL17-1253,delta field pea,grain,50,100
635,5,40,2,5_40_2,density,18,2,density_18_2,density18,density,18,IL17-1253,delta field pea,grain,50,100
636,5,40,3,5_40_3,density,18,1,density_18_1,density18,density,18,IL17-1253,delta field pea,grain,50,100
637,5,41,1,5_41_1,density,19,3,density_19_3,density19,density,19,IL17-7339,AUSTRIAN FIELD PEAS,forage,100,50
638,5,41,2,5_41_2,density,19,2,density_19_2,density19,density,19,IL17-7339,AUSTRIAN FIELD PEAS,forage,100,50
639,5,41,3,5_41_3,density,19,1,density_19_1,density19,density,19,IL17-7339,AUSTRIAN FIELD PEAS,forage,100,50
640,5,42,1,5_42_1,density,20,3,density_20_3,density20,density,20,ND180256,AUSTRIAN FIELD PEAS,forage,100,50
641,5,42,2,5_42_2,density,20,2,density_20_2,density20,density,20,ND180256,AUSTRIAN FIELD PEAS,forage,100,50
642,5,42,3,5_42_3,density,20,1,density_20_1,density20,density,20,ND180256,AUSTRIAN FIELD PEAS,forage,100,50
643,5,43,1,5_43_1,guard,OG_15,3,guard_OG_15_3,guardOG_15,guard,OG_15,Steuben,na,na,100,na
644,5,43,2,5_43_2,guard,OG_15,2,guard_OG_15_2,guardOG_15,guard,OG_15,Steuben,na,na,100,na
645,5,43,3,5_43_3,guard,OG_15,1,guard_OG_15_1,guardOG_15,guard,OG_15,Steuben,na,na,100,na
